{"train/loss": 4.7743, "train/learning_rate": 2.9999999999999997e-05, "train/epoch": 0.01, "train/global_step": 10, "_timestamp": 1691505304.2311497, "_runtime": 631.8887655735016, "_step": 0, "_wandb": {"runtime": 1223}}