{"train/loss": 4.7925, "train/learning_rate": 5.9999999999999995e-05, "train/epoch": 0.01, "train/global_step": 20, "_timestamp": 1691507459.1238198, "_runtime": 1264.2695488929749, "_step": 1, "_wandb": {"runtime": 1371}}